	0
K02028	blue
C21215	blue
C00218	blue
K15474	blue
K11710	blue
K03106	blue
C03125	blue
K06950	blue
K03543	blue
C16634	blue
K15050	blue
C02972	blue
C00568	blue
K02225	blue
C00668	blue
K03294	blue
K19975	blue
C06567	blue
K21889	blue
K11934	blue
K05970	blue
K05367	blue
K21850	blue
C05684	blue
C02051	blue
C01081	blue
K10710	blue
K02111	blue
K07571	blue
K15634	blue
K19970	blue
C12441	blue
K02078	blue
K12143	blue
K09748	blue
K13013	blue
C00455	blue
K19781	blue
K00188	blue
K01130	blue
K19425	blue
C21999	blue
C05583	blue
K01990	blue
K02429	blue
C00091	blue
K09552	blue
K18604	blue
K19602	blue
K03503	blue
K03770	blue
C12203	blue
K07776	blue
K01693	blue
K02110	blue
K08969	blue
C11437	blue
K09939	blue
K01537	blue
C04916	blue
K23508	blue
K02878	blue
K03517	blue
K01104	blue
C05754	blue
K01627	blue
K14539	blue
K15475	blue
K02913	blue
K03879	blue
K21311	blue
K03954	blue
K16165	blue
C21607	blue
K02969	blue
K02508	blue
K18903	blue
K20202	blue
C00010	blue
C06113	blue
C05756	blue
K14430	blue
K07138	blue
K07320	blue
K14724	blue
K18231	blue
K08299	blue
K17069	blue
C11910	blue
K00330	blue
K10027	blue
C16469	blue
K00282	blue
K04767	blue
K03281	blue
K18189	blue
K00884	blue
K13998	blue
C05770	blue
K21672	blue
K09696	blue
K10901	blue
K00065	blue
K07056	blue
K00611	blue
K05364	blue
C00295	blue
C03028	blue
G13119	blue
K00796	blue
K01607	blue
K02996	blue
K21071	blue
K00156	blue
K12503	blue
C00140	blue
K14717	blue
C05430	blue
C20373	blue
K23984	blue
K13403	blue
C19802	blue
C20969	blue
K01153	blue
K05362	blue
C02714	blue
K07214	blue
C00085	blue
K06925	blue
K22226	blue
K06207	blue
G10557	blue
K11739	blue
K05807	blue
K21168	blue
K06999	blue
K01409	blue
K09021	blue
K21572	blue
C17556	blue
K07491	blue
K13896	blue
C00673	blue
C00099	blue
C04186	blue
K19530	blue
C21017	blue
C02412	blue
C05198	blue
K03648	blue
K10772	blue
K07007	blue
K01216	blue
K01208	blue
K03742	blue
K13684	blue
C03691	blue
K03878	blue
C00030	blue
K11936	blue
C21029	blue
K01438	blue
K01835	blue
K00023	blue
K14708	blue
K23121	blue
C05379	blue
C20582	blue
K00215	blue
C19885	blue
K19422	blue
K14206	blue
C05759	blue
C04702	blue
K01694	blue
C20359	blue
C01762	blue
K22164	blue
K15437	blue
K19954	blue
C06032	blue
K05356	blue
K14394	blue
K04759	blue
K01911	blue
K09817	blue
K07679	blue
K10421	blue
K00286	blue
K12373	blue
K05365	blue
K09861	blue
C07838	blue
K13797	blue
K00288	blue
K09117	blue
K01737	blue
K07577	blue
C00071	blue
K00841	blue
K02564	blue
C21621	blue
K08484	blue
K02938	blue
K15526	blue
C00630	blue
K06177	blue
K09474	blue
C19647	blue
K13866	blue
C04558	blue
C11925	blue
K02536	blue
K06977	blue
K03326	blue
K21138	blue
C15814	blue
C00864	blue
K17653	blue
K16639	blue
C05414	blue
C00636	blue
C00255	blue
K03763	blue
K13532	blue
K18979	blue
K09800	blue
K06218	blue
K02894	blue
K04765	blue
K10900	blue
C00036	blue
K02004	blue
K02834	blue
C02953	blue
K19312	blue
K03733	blue
C04652	blue
K03927	blue
K12526	blue
K07182	blue
K12991	blue
C03723	blue
K01966	blue
K03551	blue
K04761	blue
K13939	blue
C00155	blue
C16587	blue
K12737	blue
C16480	blue
K03500	blue
K00341	blue
K03420	blue
K03565	blue
K04034	blue
C00688	blue
K01855	blue
K08798	blue
K22684	blue
K01947	blue
C04613	blue
K12055	blue
K07658	blue
C00047	blue
C00345	blue
C00454	blue
K02467	blue
K08282	blue
K15973	blue
K01715	blue
C05892	blue
C19694	blue
K06891	blue
C05814	blue
K06911	blue
C21008	blue
K00082	blue
K00992	blue
K04518	blue
K14726	blue
K03702	blue
K00564	blue
C20466	blue
C00415	blue
C05639	blue
K10808	blue
K11641	blue
K02863	blue
C20416	blue
K03658	blue
K22807	blue
K03852	blue
K00784	blue
C16702	blue
K21147	blue
K19429	blue
K03498	blue
K02115	blue
K22540	blue
C00083	blue
C06481	blue
K19647	blue
K02968	blue
K01057	blue
C11173	blue
K16150	blue
K00791	blue
K17884	blue
C22159	blue
K00205	blue
C16220	blue
K19304	blue
K14571	blue
C00117	blue
K02959	blue
K05787	blue
C15699	blue
K19267	blue
K17732	blue
K07748	blue
C04376	blue
C01345	blue
K01586	blue
K03596	blue
K19223	blue
K15353	blue
K01495	blue
K19353	blue
C00527	blue
C00031	blue
C19692	blue
C00655	blue
K00648	blue
K00852	blue
K09812	blue
C00147	blue
C21453	blue
C03170	blue
K16922	blue
K02925	blue
C20581	blue
K22024	blue
K04485	blue
K13789	blue
K00176	blue
K23270	blue
C21137	blue
C05272	blue
K00946	blue
K19302	blue
K01937	blue
K03562	blue
K09569	blue
K18906	blue
G12573	blue
C15972	blue
K06913	blue
C06002	blue
K01893	blue
C01107	blue
K02500	blue
K22296	blue
K07033	blue
K07175	blue
K21459	blue
C00151	blue
C02504	blue
K08787	blue
K16436	blue
K19418	blue
C01180	blue
C00138	blue
C00966	blue
C01120	blue
C11829	blue
K12977	blue
K21972	blue
C00131	blue
C00330	blue
C20327	blue
C12739	blue
K13884	blue
K00857	blue
C16348	blue
K15520	blue
K13010	blue
K11939	blue
C02988	blue
C11920	blue
K00158	blue
C17211	blue
K09527	blue
K18779	blue
C00212	blue
C04281	blue
K23734	blue
K13522	blue
K06185	blue
K21514	blue
C00199	blue
K16474	blue
C04349	blue
K02015	blue
K03601	blue
K07278	blue
C20897	blue
C00620	blue
K13017	blue
K02945	blue
K10524	blue
C04732	blue
K01890	blue
K21636	blue
C00033	blue
C02934	blue
K18591	blue
K02501	blue
K09504	blue
K08162	blue
K13416	blue
K22745	blue
K01924	blue
C16664	blue
K02965	blue
K13380	blue
K03328	blue
K05784	blue
C00721	blue
C00460	blue
C15606	blue
K01647	blue
K03470	blue
K13668	blue
C14610	blue
K08372	blue
K01915	blue
K08289	blue
K20419	blue
K07979	blue
K02016	blue
K19854	blue
K00566	blue
C00543	blue
G10545	blue
K01006	blue
K06823	blue
K23750	blue
K00177	blue
K13810	blue
C00446	blue
K00525	blue
K07091	blue
K13004	blue
K03651	blue
K02499	blue
K03342	blue
K00026	blue
K13726	blue
C01079	blue
C00055	blue
K12508	blue
K00315	blue
K17623	blue
K01856	blue
K02558	blue
K08651	blue
C06400	blue
C05544	blue
K01689	blue
K02843	blue
C00135	blue
C18174	blue
K03602	blue
K05361	blue
K12339	blue
G10620	blue
K07137	blue
C00468	blue
C05528	blue
C00458	blue
C07090	blue
K16554	blue
C02527	blue
K09818	blue
K13830	blue
K01663	blue
C17691	blue
K13431	blue
K19270	blue
K05685	blue
K11938	blue
K08153	blue
C21084	blue
K01775	blue
K21467	blue
K02904	blue
K03774	blue
K00903	blue
C00309	blue
K17870	blue
K05298	blue
C04896	blue
K00260	blue
C00490	blue
K17250	blue
K17995	blue
C00645	blue
C19929	blue
K06180	blue
C00160	blue
C00020	blue
C11638	blue
K00350	blue
K08308	blue
K05515	blue
K09761	blue
K11941	blue
K04342	blue
K01652	blue
K11927	blue
K02357	blue
K05788	blue
K01576	blue
C00185	blue
K04516	blue
C03979	blue
K01883	blue
K03819	blue
K00557	blue
K05801	blue
K02099	blue
K11719	blue
K14689	blue
C02090	blue
K03553	blue
K11600	blue
K23095	blue
C04713	blue
K11206	blue
C00003	blue
K11126	blue
K22339	blue
C03794	blue
K01408	blue
K21007	blue
C00242	blue
K17840	blue
K03315	blue
K03654	blue
K20712	blue
K03182	blue
C03160	blue
K09577	blue
K02902	blue
K03183	blue
K06921	blue
K12409	blue
K15013	blue
K11186	blue
K15888	blue
C00357	blue
K15067	blue
C00001	blue
K03606	blue
K03207	blue
K05824	blue
K03547	blue
K06223	blue
K12421	blue
C03862	blue
K18902	blue
C00133	blue
C05746	blue
C03082	blue
C03912	blue
K01407	blue
C11827	blue
C02960	blue
K15234	blue
K01282	blue
K06946	blue
K00859	blue
K07059	blue
K20021	blue
K05582	blue
K09835	blue
K18233	blue
C00128	blue
K01193	blue
K17398	blue
K04567	blue
K03972	blue
K09811	blue
K16318	blue
K03168	blue
C17227	blue
C01563	blue
K17213	blue
K00789	blue
C21310	blue
K07258	blue
C00380	blue
K01875	blue
C20654	blue
K13749	blue
C01185	blue
C00666	blue
C18096	blue
C04146	blue
K05800	blue
C00192	blue
K07718	blue
K14536	blue
C00198	blue
K03087	blue
C20941	blue
C01636	blue
K06179	blue
K02469	blue
G13060	blue
K12944	blue
K10715	blue
K04096	blue
C00092	blue
K00876	blue
K16267	blue
C00063	blue
K15329	blue
K13984	blue
K15779	blue
K13533	blue
K03641	blue
K21677	blue
K20207	blue
C00617	blue
K17722	blue
C04742	blue
K00874	blue
K00962	blue
C06054	blue
K01080	blue
K00754	blue
K09503	blue
K02888	blue
G00099	blue
K00162	blue
K11527	blue
C17212	blue
K00688	blue
K18208	blue
C15996	blue
K02890	blue
K00018	blue
K13640	blue
C16393	blue
K23514	blue
C00294	blue
K00901	blue
K00299	blue
C11838	blue
K20697	blue
C04260	blue
K06965	blue
K07301	blue
C01151	blue
C00984	blue
K21502	blue
K16087	blue
C04043	blue
K03697	blue
K11431	blue
K05850	blue
K02478	blue
K03555	blue
C02097	blue
K01939	blue
C00065	blue
C01209	blue
K14386	blue
K11201	blue
C04851	blue
K22199	blue
C01304	blue
C01330	blue
C06215	blue
K03629	blue
C05691	blue
C15979	blue
K09512	blue
K00748	blue
K21499	blue
K01972	blue
C03722	blue
C02686	blue
K01758	blue
C05758	blue
K01000	blue
K01948	blue
K01783	blue
K13798	blue
K20201	blue
C20926	blue
C01046	blue
K08737	blue
C01352	blue
C03341	blue
K12073	blue
C03765	blue
K11105	blue
K12943	blue
C00062	blue
K22300	blue
K05540	blue
K18954	blue
K12600	blue
K01736	blue
K11749	blue
K01738	blue
K02954	blue
K11752	blue
K23373	blue
K07016	blue
K18355	blue
C02553	blue
C05276	blue
K19721	blue
C00203	blue
K07651	blue
C21173	blue
C04932	blue
K15782	blue
C05841	blue
C01962	blue
K02341	blue
K15336	blue
K19969	blue
K03449	blue
K11621	blue
K07405	blue
K07459	blue
K10439	blue
K19548	blue
K07168	blue
K01803	blue
K12999	blue
K03214	blue
K12450	blue
K03640	blue
K21375	blue
K09473	blue
K15856	blue
K03564	blue
K03573	blue
K14445	blue
K15176	blue
K03218	blue
K06985	blue
K01466	blue
C05712	blue
K02333	blue
C03201	blue
K05714	blue
C11915	blue
C11404	blue
C00354	blue
K02935	blue
K22469	blue
C04677	blue
K02997	blue
C01112	blue
K10730	blue
K21154	blue
K01873	blue
K00031	blue
K06959	blue
C03742	blue
K07082	blue
K09458	blue
C00169	blue
K05838	blue
C00032	blue
K01273	blue
K01604	blue
K06870	blue
K19665	blue
C01327	blue
K00927	blue
K00996	blue
K21571	blue
K00261	blue
C00197	blue
C05688	blue
K03497	blue
C01300	blue
K06926	blue
K13531	blue
C00459	blue
K15920	blue
K17828	blue
K12661	blue
C03373	blue
K13421	blue
K19696	blue
C17949	blue
K09808	blue
K13503	blue
K07097	blue
K00343	blue
K18454	blue
K08302	blue
K02342	blue
K03977	blue
K12990	blue
C21440	blue
K01497	blue
K23150	blue
K00756	blue
C01269	blue
K01874	blue
K00425	blue
K07560	blue
K22163	blue
K15904	blue
C20248	blue
K00703	blue
K12555	blue
K00262	blue
K12454	blue
K02887	blue
K01930	blue
K00025	blue
K16555	blue
K21575	blue
K00558	blue
C06224	blue
K03525	blue
C15587	blue
K09015	blue
K13750	blue
K03169	blue
K02851	blue
K13829	blue
K02428	blue
K16090	blue
C16837	blue
K02355	blue
K13950	blue
C00165	blue
K19853	blue
K21977	blue
K02527	blue
K07281	blue
K02949	blue
C00101	blue
K03657	blue
C05762	blue
K01491	blue
K01054	blue
K04562	blue
K14692	blue
K15507	blue
K18676	blue
K02871	blue
K08093	blue
C00229	blue
C00249	blue
K13582	blue
C00633	blue
C16476	blue
C05763	blue
K15022	blue
K07399	blue
K02844	blue
C02839	blue
C12348	blue
C05822	blue
K13926	blue
K01506	blue
K01412	blue
C00194	blue
C01205	blue
C00108	blue
C00254	blue
C20376	blue
K15269	blue
C19945	blue
C04246	blue
K22292	blue
C05748	blue
K23946	blue
C03511	blue
K15407	blue
K00383	blue
K01144	blue
K01493	blue
K18139	blue
K19789	blue
K01817	blue
K01649	blue
K01744	blue
K05568	blue
K02346	blue
K07289	blue
K11907	blue
K16531	blue
K02335	blue
K02836	blue
C00921	blue
C22073	blue
K02022	blue
C02642	blue
C00692	blue
K02356	blue
K07659	blue
K15428	blue
C00145	blue
K18067	blue
K06154	blue
K18076	blue
K07118	blue
K03589	blue
C00223	blue
C04089	blue
K13018	blue
C05819	blue
C01146	blue
K03881	blue
K01411	blue
C05116	blue
K09819	blue
C04479	blue
K01840	blue
K03212	blue
K00003	blue
K07533	blue
K23497	blue
K16045	blue
K03472	blue
K01523	blue
K09809	blue
C04919	blue
K00239	blue
K02958	blue
K03595	blue
K00718	blue
K08306	blue
K00145	blue
K03273	blue
C11927	blue
C00362	blue
C17231	blue
K06199	blue
K00051	blue
K03065	blue
C00118	blue
K03650	blue
C16834	blue
K06373	blue
K20861	blue
K00971	blue
C03372	blue
K23856	blue
K01207	blue
C00109	blue
K08316	blue
C05404	blue
K01271	blue
K03975	blue
C17220	blue
C03459	blue
G10511	blue
K19597	blue
C16596	blue
K06147	blue
C05850	blue
K08956	blue
C02282	blue
K00693	blue
K03502	blue
K11778	blue
K11751	blue
K01522	blue
K03940	blue
C00081	blue
K07710	blue
K19338	blue
K00226	blue
C15980	blue
K01779	blue
K00091	blue
K01784	blue
K03353	blue
K14940	blue
K01001	blue
K05524	blue
C01755	blue
K07739	blue
K03723	blue
K09502	blue
K14661	blue
K00981	blue
C02430	blue
K10107	blue
K01431	blue
K15549	blue
K01669	blue
K04720	blue
K14647	blue
K12132	blue
C00074	blue
K07388	blue
K09810	blue
K04076	blue
K23169	blue
K06237	blue
K11745	blue
C03586	blue
C20950	blue
C00152	blue
K01196	blue
K05551	blue
C00269	blue
K22159	blue
K02926	blue
K15441	blue
C01222	blue
K07054	blue
K15721	blue
K11748	blue
K08320	blue
K00560	blue
C05235	blue
C01063	blue
C16479	blue
K17570	blue
G00079	blue
K01372	blue
C14604	blue
K04762	blue
K21089	blue
C00022	blue
C00685	blue
K10899	blue
K11636	blue
K11381	blue
K00847	blue
C00204	blue
K12538	blue
K13002	blue
K08310	blue
C00500	blue
K03404	blue
K03613	blue
K08674	blue
C02876	blue
K02528	blue
C00267	blue
C04640	blue
C00236	blue
K00939	blue
K03292	blue
C00224	blue
K08679	blue
C22136	blue
K12983	blue
C06250	blue
C00894	blue
K03365	blue
K03339	blue
K01904	blue
K06442	blue
K02618	blue
C00363	blue
K20836	blue
C00004	blue
K06948	blue
C21898	blue
K15521	blue
K16618	blue
K03439	blue
C00365	blue
K23254	blue
C04666	blue
K07463	blue
C20914	blue
K04655	blue
K16327	blue
K16153	blue
C12318	blue
K00169	blue
K00794	blue
K00088	blue
K14640	blue
K22893	blue
K07095	blue
K18687	blue
C02745	blue
K06238	blue
C05577	blue
K08744	blue
C20748	blue
K13409	blue
K14742	blue
C00311	blue
K07098	blue
K22904	blue
C01172	blue
C16637	blue
K08318	blue
C02226	blue
K02107	blue
K02199	blue
K06917	blue
K06871	blue
K19697	blue
K19694	blue
K02600	blue
K01885	blue
C00126	blue
K02080	blue
C00035	blue
K00172	blue
C11588	blue
K07317	blue
C00120	blue
C15811	blue
C06613	blue
K14026	blue
K23304	blue
K00287	blue
K12733	blue
K09571	blue
K16340	blue
K16629	blue
K00973	blue
C19879	blue
K11746	blue
K07447	blue
K07478	blue
C01097	blue
K06001	blue
C01080	blue
K08344	blue
C16598	blue
K01857	blue
C21386	blue
K22108	blue
C00213	blue
K03703	blue
K19997	blue
K03544	blue
K03558	blue
K02340	blue
K03089	blue
C05172	blue
K14261	blue
K23424	blue
K00705	blue
C22151	blue
C07446	blue
K06030	blue
C02967	blue
K20203	blue
K13316	blue
K01439	blue
K07493	blue
C03150	blue
C12355	blue
C16597	blue
K19147	blue
K02933	blue
K07152	blue
K02075	blue
C00343	blue
K10679	blue
K10353	blue
K22168	blue
K02404	blue
C01355	blue
K03884	blue
C19725	blue
C00353	blue
C19880	blue
C02843	blue
K13038	blue
K14349	blue
K12574	blue
K01681	blue
C09332	blue
K13444	blue
K20883	blue
K08987	blue
K03790	blue
C07490	blue
K21378	blue
K07040	blue
K05275	blue
K01270	blue
C20796	blue
K03321	blue
C00409	blue
K01609	blue
K20988	blue
C17323	blue
K00761	blue
K22161	blue
C17569	blue
C00024	blue
C16156	blue
K07125	blue
K03656	blue
K03778	blue
K03832	blue
K14652	blue
C05838	blue
K03797	blue
K03953	blue
K13420	blue
K03076	blue
K01050	blue
K03501	blue
K00651	blue
K03688	blue
K01866	blue
C00111	blue
C14099	blue
K07157	blue
K05831	blue
C04646	blue
K08384	blue
K04043	blue
K07173	blue
K18138	blue
K15460	blue
K20308	blue
C16426	blue
K21189	blue
C00601	blue
C00037	blue
K06184	blue
K09797	blue
K15331	blue
K10062	blue
K02450	blue
K06914	blue
K13573	blue
C20940	blue
K18808	blue
K11207	blue
K03577	blue
K19225	blue
C11926	blue
K00100	blue
K11608	blue
K00567	blue
K06139	blue
K02569	blue
C05662	blue
K01992	blue
C12481	blue
C21609	blue
K06188	blue
K03075	blue
K04773	blue
K08218	blue
K06890	blue
K00769	blue
K10755	blue
K08300	blue
C00441	blue
K02430	blue
K15518	blue
K08955	blue
K13865	blue
C00577	blue
C00168	blue
K00059	blue
K13437	blue
K02919	blue
C00399	blue
K04088	blue
K02939	blue
K23976	blue
K03426	blue
K06158	blue
K19955	blue
C00016	blue
C15976	blue
K10773	blue
K03560	blue
K03569	blue
C00886	blue
C17215	blue
K02874	blue
K19549	blue
K12018	blue
K02137	blue
C05361	blue
K03424	blue
C20446	blue
K00347	blue
K00983	blue
K22489	blue
K22846	blue
K05577	blue
K09759	blue
K07246	blue
K22345	blue
K18299	blue
K17723	blue
K01464	blue
K23723	blue
K12152	blue
K02479	blue
K18471	blue
K02133	blue
K10864	blue
C11406	blue
K03787	blue
K01954	blue
C17022	blue
C03506	blue
C05825	blue
C14819	blue
K02051	blue
K03316	blue
C00435	blue
K19613	blue
K10760	blue
K07290	blue
C16399	blue
K00271	blue
K12406	blue
K17486	blue
K07587	blue
K20968	blue
K01870	blue
C12354	blue
K11085	blue
K11131	blue
K16795	blue
K06997	blue
C05751	blue
C16153	blue
K05810	blue
K05572	blue
K05576	blue
K04047	blue
K20344	blue
K08070	blue
K09867	blue
C00881	blue
C00473	blue
C00342	blue
C05753	blue
K01809	blue
G00052	blue
C01367	blue
K07457	blue
C15977	blue
K05574	blue
K07443	blue
K22253	blue
K05591	blue
K00765	blue
C00279	blue
K09667	blue
K12978	blue
C20958	blue
K07252	blue
K03631	blue
K04575	blue
K00893	blue
C00080	blue
K14688	blue
C01179	blue
K02470	blue
K02493	blue
K00873	blue
C00681	blue
C00540	blue
K19427	blue
K02940	blue
K00757	blue
K13562	blue
K18573	blue
C00002	blue
K00766	blue
C05946	blue
K02238	blue
K02240	blue
K13663	blue
K16011	blue
C16478	blue
K01405	blue
K03074	blue
C03069	blue
K19419	blue
C03453	blue
K17625	blue
K17471	blue
K03100	blue
K06217	blue
C00352	blue
K00281	blue
K15669	blue
C05744	blue
C00125	blue
K12823	blue
C22161	blue
K21567	blue
K01589	blue
C00178	blue
K01076	blue
K18367	blue
C00079	blue
K01066	blue
K07043	blue
K21557	blue
K03642	blue
K07713	blue
K21900	blue
C04352	blue
K15876	blue
K05359	blue
K01044	blue
K00666	blue
K01928	blue
K11292	blue
C00413	blue
C16600	blue
C02512	blue
C08313	blue
K01356	blue
K16856	blue
K07570	blue
K02886	blue
C02291	blue
C00283	blue
K00415	blue
K17195	blue
K13713	blue
C00364	blue
K16020	blue
K17716	blue
K03111	blue
K14262	blue
K08256	blue
K03530	blue
K14002	blue
K01338	blue
K02412	blue
K03813	blue
K03893	blue
K05939	blue
K22081	blue
K14667	blue
K00872	blue
K16257	blue
K00850	blue
K13222	blue
C06142	blue
K01163	blue
K00121	blue
K21284	blue
K02998	blue
C17224	blue
K03800	blue
K03591	blue
K02437	blue
K00634	blue
C06251	blue
K02955	blue
K13059	blue
K01952	blue
K01185	blue
C00979	blue
C21018	blue
K06116	blue
K00849	blue
K02911	blue
C00146	blue
C04121	blue
C17219	blue
K09487	blue
C05581	blue
K14060	blue
C01236	blue
K02988	blue
K09697	blue
K20457	blue
C22157	blue
G00317	blue
K03584	blue
K21360	blue
K09579	blue
K15230	blue
K12340	blue
K17872	blue
K01587	blue
C17216	blue
K06881	blue
K01810	blue
K03594	blue
C00880	blue
K01808	blue
K08255	blue
K12992	blue
K04044	blue
K03101	blue
K23987	blue
C08276	blue
K11609	blue
K06927	blue
K05792	blue
C21873	blue
C00180	blue
C02565	blue
K00432	blue
K21367	blue
K22617	blue
K03018	blue
K10206	blue
K13683	blue
K14638	blue
K02337	blue
K00771	blue
K08740	blue
K00795	blue
K17797	blue
K13623	blue
K01258	blue
K03732	blue
K09575	blue
C06024	blue
K00625	blue
K01760	blue
K01364	blue
K03010	blue
K17734	blue
K16552	blue
G13108	blue
K02473	blue
C12448	blue
K19855	blue
C21603	blue
K04718	blue
K06306	blue
K13863	blue
K08071	blue
C00082	blue
K01892	blue
C00054	blue
K11921	blue
C04112	blue
K00537	blue
K06866	blue
K07132	blue
C02741	blue
K15781	blue
C16551	blue
K08223	blue
K00174	blue
K13864	blue
K07094	blue
C01346	blue
K11755	blue
K07291	blue
K00861	blue
K02132	blue
K04087	blue
K12524	blue
K02535	blue
K13498	blue
K04084	blue
K04715	blue
K00950	blue
C00051	blue
K00945	blue
K11603	blue
K11601	blue
C04494	blue
K05604	blue
K02518	blue
C00060	blue
K01533	blue
K21790	blue
K01872	blue
C00350	blue
K07257	blue
C05726	blue
C21606	blue
C00431	blue
K02990	blue
K03473	blue
C00231	blue
K02495	blue
K02318	blue
K02503	blue
C16424	blue
C17223	blue
K01791	blue
K07084	blue
K03305	blue
K00561	blue
K00024	blue
C00957	blue
C18321	blue
K00869	blue
K10764	blue
K18931	blue
K22252	blue
C00214	blue
K06969	blue
K03628	blue
K13319	blue
K05580	blue
K15454	blue
C11417	blue
C00103	blue
C00599	blue
K10977	blue
K00806	blue
K10907	blue
K19064	blue
C00139	blue
C01419	blue
K00333	blue
C20377	blue
C02737	blue
K22405	blue
K00885	blue
K10857	blue
K03614	blue
K12257	blue
K00220	blue
C00195	blue
C21750	blue
K01200	blue
K14189	blue
K03437	blue
C00039	blue
C01134	blue
K20707	blue
K02113	blue
K05901	blue
K00263	blue
K12500	blue
K12041	blue
C04874	blue
K01278	blue
K14659	blue
K01498	blue
K01923	blue
K22503	blue
K02014	blue
C00157	blue
K10598	blue
K03694	blue
K21747	blue
C00973	blue
C16579	blue
K07149	blue
G00039	blue
C00058	blue
K02884	blue
K07460	blue
K05544	blue
K01091	blue
C05432	blue
C05778	blue
K03046	blue
K13653	blue
K02584	blue
C00134	blue
K15783	blue
K23078	blue
K05349	blue
C01935	blue
C07447	blue
K01159	blue
K20011	blue
C15974	blue
C00637	blue
C19852	blue
K05016	blue
K12852	blue
K14727	blue
C00110	blue
K09864	blue
K03789	blue
K02343	blue
K09685	blue
C00693	blue
K07709	blue
K03590	blue
K01069	blue
K07124	blue
K02481	blue
K05882	blue
K07052	blue
K10543	blue
K07652	blue
C03972	blue
C07649	blue
K01243	blue
K00290	blue
K15894	blue
K00207	blue
K02847	blue
C04317	blue
K03734	blue
K02961	blue
K11183	blue
K03416	blue
G10008	blue
C01335	blue
K02909	blue
G02632	blue
K22167	blue
K03385	blue
C05827	blue
K18220	blue
K15738	blue
K06976	blue
C01170	blue
C16826	blue
K01697	blue
K13787	blue
C04895	blue
K01991	blue
C03599	blue
K04517	blue
K07017	blue
K03575	blue
K18856	blue
K07273	blue
C00846	blue
K00179	blue
K06189	blue
K08978	blue
K14798	blue
K00729	blue
K06194	blue
K11720	blue
K18883	blue
K01176	blue
K13525	blue
K17871	blue
K05834	blue
C00862	blue
K02242	blue
C21608	blue
C05345	blue
K00656	blue
K17248	blue
C14090	blue
C19875	blue
K02109	blue
K05012	blue
K16363	blue
K03825	blue
K15033	blue
C05698	blue
K07579	blue
K09155	blue
K01960	blue
C00077	blue
K02003	blue
C20421	blue
K01049	blue
K23107	blue
K16017	blue
C00015	blue
C06112	blue
K07704	blue
K09702	blue
K13752	blue
C05923	blue
K07096	blue
K03615	blue
K16899	blue
K00654	blue
C03089	blue
C06508	blue
K03329	blue
K03164	blue
C00068	blue
K06015	blue
K12507	blue
K00086	blue
K01134	blue
K02203	blue
K07090	blue
K19286	blue
C20390	blue
K05926	blue
K22901	blue
K12987	blue
K00701	blue
K00640	blue
C05936	blue
C16618	blue
C00153	blue
C00221	blue
K18889	blue
K02950	blue
K01515	blue
K02482	blue
K02960	blue
K03554	blue
C04132	blue
K07277	blue
K15632	blue
K17830	blue
C03539	blue
K22320	blue
K22544	blue
C00014	blue
K03693	blue
C00361	blue
K00948	blue
K01785	blue
G13118	blue
K12448	blue
C00059	blue
C16635	blue
K02338	blue
K01889	blue
K02232	blue
K01585	blue
K03515	blue
K07796	blue
K18306	blue
C03838	blue
C02631	blue
K01212	blue
K09568	blue
K06949	blue
K12504	blue
K21511	blue
K00302	blue
K08303	blue
K08483	blue
K00338	blue
K04760	blue
K16563	blue
K03772	blue
K06196	blue
K17641	blue
K03929	blue
K18904	blue
K01598	blue
K00855	blue
K02823	blue
K18908	blue
K20468	blue
K20945	blue
K10871	blue
K01277	blue
C00006	blue
K20237	blue
K18640	blue
K03042	blue
K14392	blue
K02892	blue
K03186	blue
C11831	blue
C21814	blue
C00067	blue
K19005	blue
K21346	blue
K13747	blue
C03233	blue
K03431	blue
K05305	blue
K02854	blue
K16868	blue
K06943	blue
K15727	blue
K07039	blue
K03217	blue
K03783	blue
K23144	blue
C05925	blue
K14170	blue
K04801	blue
C00106	blue
C05527	blue
K03769	blue
K00609	blue
K04750	blue
K06958	blue
K11787	blue
C04002	blue
G00044	blue
C21991	blue
K00588	blue
K01173	blue
K05601	blue
K15535	blue
C11811	blue
K03616	blue
K00016	blue
K18589	blue
C00526	blue
K01119	blue
K20777	blue
C00860	blue
C00332	blue
K05820	blue
K14215	blue
C00463	blue
K23775	blue
K01656	blue
K00845	blue
K02067	blue
K20741	blue
K21911	blue
K19817	blue
K21574	blue
K00767	blue
K05545	blue
K23269	blue
C06019	blue
K03113	blue
K19719	blue
K03696	blue
K16302	blue
K21335	blue
C00561	blue
C21387	blue
K09681	blue
K22306	blue
C21462	blue
K06073	blue
C03516	blue
K01012	blue
C05812	blue
K01703	blue
K00349	blue
K07357	blue
K14059	blue
K20718	blue
K21573	blue
C00105	blue
K07114	blue
C21334	blue
K03798	blue
K00762	blue
K08693	blue
K23228	blue
K23244	blue
G00071	blue
K02302	blue
C01368	blue
K01955	blue
K03455	blue
C16392	blue
K01136	blue
K05989	blue
K20156	blue
K00895	blue
K14459	blue
K20534	blue
C04877	blue
K03571	blue
C00264	blue
K04771	blue
C00129	blue
C04738	blue
K22949	blue
K01735	blue
K03091	blue
K22169	blue
C00234	blue
K00231	blue
K02948	blue
K12264	blue
K03466	blue
C16255	blue
K00793	blue
K08739	blue
C00596	blue
K01692	blue
C02702	blue
K03210	blue
C00302	blue
K01662	blue
K03559	blue
K13616	blue
K07636	blue
C12350	blue
K05338	blue
C08325	blue
K14191	blue
K00643	blue
K03471	blue
K18947	blue
K06213	blue
C05840	blue
K02931	blue
C00253	blue
K03719	blue
K01142	blue
K00652	blue
K01610	blue
K11530	blue
K13007	blue
C00119	blue
C04145	blue
K00097	blue
K16259	blue
C04051	blue
C06128	blue
C16583	blue
K06888	blue
K11753	blue
K06182	blue
K15355	blue
K15780	blue
K03570	blue
K07504	blue
K13788	blue
K03882	blue
K07259	blue
K18218	blue
K01755	blue
K15034	blue
K00346	blue
K13799	blue
C00475	blue
K01447	blue
K02986	blue
K07403	blue
K10743	blue
K00600	blue
K03784	blue
K03775	blue
K07768	blue
K18672	blue
K11004	blue
C11435	blue
C20683	blue
C17228	blue
K01079	blue
K02071	blue
K03453	blue
K15545	blue
K02040	blue
K00891	blue
K11592	blue
C00341	blue
C03375	blue
K07004	blue
K22222	blue
G00058	blue
C19686	blue
K06148	blue
K03511	blue
K03527	blue
C19888	blue
K00348	blue
K00384	blue
K12953	blue
C11947	blue
C03402	blue
K01719	blue
K16792	blue
K22102	blue
K04763	blue
K11808	blue
K07696	blue
C02992	blue
K03593	blue
C00021	blue
C05760	blue
K13888	blue
K02520	blue
K23385	blue
K22446	blue
K05837	blue
C17217	blue
K00606	blue
K01182	blue
C01051	blue
C00763	blue
K01914	blue
G00093	blue
C01182	blue
K06409	blue
C00251	blue
K03643	blue
K20730	blue
K16918	blue
C00499	blue
K01886	blue
K07821	blue
K00856	blue
C00683	blue
C01152	blue
C17552	blue
G01391	blue
K00052	blue
K20361	blue
K04774	blue
K07720	blue
K05785	blue
K05786	blue
K00919	blue
K01776	blue
K02837	blue
K13652	blue
C00250	blue
C01289	blue
C18055	blue
C03657	blue
K03499	blue
K03372	blue
K20679	blue
K01004	blue
K14160	blue
K00313	blue
K02477	blue
K00243	blue
K13378	blue
K04484	blue
K14444	blue
K17836	blue
C05545	blue
C16832	blue
K03086	blue
K00342	blue
K19108	blue
C00112	blue
C16588	blue
K02058	blue
K03088	blue
G04561	blue
K12525	blue
K18890	blue
C21074	blue
K03306	blue
C01931	blue
K00677	blue
C06321	blue
K01814	blue
K03687	blue
K06079	blue
C11830	blue
C00114	blue
C05382	blue
K00309	blue
K07482	blue
K09291	blue
K15546	blue
C00162	blue
K18824	blue
K08735	blue
K07806	blue
K09011	blue
K12267	blue
K23237	blue
K08083	blue
K04041	blue
K15057	blue
K21532	blue
K01702	blue
C01260	blue
G13058	blue
K18478	blue
K10105	blue
K00189	blue
K18682	blue
K00364	blue
K02594	blue
K03695	blue
C00842	blue
K04069	blue
K13853	blue
C05810	blue
C00672	blue
K06178	blue
K00932	blue
C05921	blue
K07446	blue
K01392	blue
K15266	blue
K01492	blue
C05539	blue
K00812	blue
K01236	blue
K04772	blue
K20974	blue
K13530	blue
K15977	blue
K09698	blue
K03110	blue
K13665	blue
K19424	blue
K03924	blue
K06895	blue
K03802	blue
K06141	blue
K11392	blue
K19824	blue
K07238	blue
K21784	blue
K03287	blue
K01414	blue
C05898	blue
K00254	blue
K01958	blue
K03340	blue
K09774	blue
K14587	blue
C20372	blue
K22100	blue
K21739	blue
K00655	blue
K15831	blue
C12215	blue
K00529	blue
C20253	blue
C00041	blue
K00986	blue
C06509	blue
K07275	blue
K07568	blue
K09516	blue
K19519	blue
C00144	blue
K00010	blue
K03744	blue
K16695	blue
K00075	blue
K01262	blue
K00951	blue
K02314	blue
K06607	blue
C05703	blue
K03885	blue
K17750	blue
K06966	blue
K15045	blue
C05821	blue
C18172	blue
C05600	blue
C22155	blue
K03234	blue
K01790	blue
C06148	blue
K09470	blue
K03686	blue
C01268	blue
C00064	blue
K02839	blue
K06361	blue
K03612	blue
C06876	blue
K02124	blue
K02835	blue
G13035	blue
C06196	blue
C04807	blue
C19881	blue
K03928	blue
K08734	blue
C05804	blue
K17425	blue
K07757	blue
K16870	blue
C00011	blue
K01077	blue
C00222	blue
K03880	blue
K01956	blue
K23014	blue
G13039	blue
C00190	blue
K03548	blue
K21419	blue
K09529	blue
K22223	blue
K08174	blue
K06041	blue
C04751	blue
K16066	blue
K01922	blue
K03955	blue
K09807	blue
K01658	blue
K08676	blue
K03536	blue
C00166	blue
K02565	blue
K01759	blue
C00266	blue
K00831	blue
C00217	blue
K01494	blue
K10858	blue
C03512	blue
K16920	blue
C00122	blue
K01880	blue
K01138	blue
K01659	blue
K00928	blue
K02563	blue
K12997	blue
K01834	blue
K08325	blue
K21788	blue
K00204	blue
K10778	blue
K19285	blue
C11477	blue
K00187	blue
K06183	blue
K11594	blue
C15667	blue
C00376	blue
K22311	blue
K21741	blue
C00445	blue
C05750	blue
C21065	blue
K15976	blue
C00179	blue
K03296	blue
C11453	blue
C11420	blue
K09457	blue
K03436	blue
K18590	blue
K01539	blue
K00337	blue
C16390	blue
K15519	blue
K09125	blue
K22004	blue
K07012	blue
K02226	blue
K03070	blue
K21890	blue
K00295	blue
K06872	blue
K13746	blue
K03815	blue
K04094	blue
C16632	blue
K16568	blue
K06044	blue
K00274	blue
K00171	blue
K03979	blue
K05541	blue
K11744	blue
K23182	blue
K08736	blue
K03177	blue
C05533	blue
K21027	blue
C03997	blue
K21405	blue
K21936	blue
K03405	blue
K13730	blue
K00639	blue
K13770	blue
K22318	blue
K18847	blue
C00440	blue
C18351	blue
K00058	blue
K12252	blue
K01951	blue
C12366	blue
C00479	blue
C19960	blue
K04748	blue
K03532	blue
K07304	blue
K01303	blue
K15640	blue
K06988	blue
K08884	blue
K01284	blue
C00143	blue
K03701	blue
K03580	blue
K00684	blue
K03644	blue
K13006	blue
C00042	blue
K03816	blue
C03671	blue
K00772	blue
K04691	blue
K09820	blue
K13509	blue
C00206	blue
K22522	blue
C06022	blue
C06124	blue
C16836	blue
C01302	blue
C11907	blue
K01756	blue
K14213	blue
K09650	blue
K02860	blue
C04823	blue
C00186	blue
K01567	blue
K07221	blue
C16615	blue
C03175	blue
K07790	blue
K01993	blue
K01829	blue
K04079	blue
K07465	blue
C01102	blue
C12212	blue
K11991	blue
K14654	blue
K01591	blue
C21614	blue
K00817	blue
K06889	blue
K03561	blue
K01137	blue
G13102	blue
C00315	blue
K13034	blue
K01876	blue
K13937	blue
K15986	blue
C16619	blue
K23874	blue
K02074	blue
K02982	blue
K15332	blue
C00671	blue
C02713	blue
C01092	blue
K08082	blue
K00608	blue
K03671	blue
K04066	blue
K05573	blue
C06731	blue
K00929	blue
C00061	blue
K00760	blue
K03883	blue
K09903	blue
K03930	blue
K16786	blue
K06076	blue
K17725	blue
K00800	blue
K00441	blue
K03526	blue
K09488	blue
K22506	blue
C00048	blue
K00283	blue
C09813	blue
C00430	blue
C19799	blue
K02405	blue
K01655	blue
K16628	blue
K00759	blue
C05775	blue
K00198	blue
C02612	blue
K00034	blue
C04574	blue
K13638	blue
C01672	blue
K03660	blue
C05273	blue
K09815	blue
K23227	blue
K23451	blue
C04432	blue
K00721	blue
C04638	blue
K03165	blue
K21563	blue
G13074	blue
K09816	blue
C01251	blue
C01132	blue
K03672	blue
K02864	blue
C02554	blue
C00086	blue
C02171	blue
K01714	blue
K03298	blue
K07000	blue
C12109	blue
C05897	blue
C00230	blue
K00520	blue
K09584	blue
K21472	blue
K16191	blue
K04719	blue
C17432	blue
K13012	blue
K01583	blue
K02992	blue
C00084	blue
K12251	blue
K01881	blue
K09866	blue
K06181	blue
C00130	blue
K02112	blue
K07536	blue
K03386	blue
K23384	blue
K07705	blue
K21910	blue
K02557	blue
C03114	blue
K22305	blue
K01921	blue
K20884	blue
K07058	blue
K00954	blue
K05373	blue
K22871	blue
C18327	blue
C01246	blue
K07067	blue
K15036	blue
C03771	blue
K01933	blue
K16264	blue
C16489	blue
C01050	blue
C16663	blue
K19897	blue
C12320	blue
K00758	blue
C00369	blue
K00610	blue
C20258	blue
K07107	blue
C00836	blue
K21005	blue
K02395	blue
K00414	blue
C01356	blue
C00658	blue
C02429	blue
K01695	blue
C06000	blue
K07133	blue
C01978	blue
K01154	blue
K05658	blue
G00055	blue
K02838	blue
K14979	blue
K18775	blue
K14572	blue
K01519	blue
K12357	blue
C20751	blue
C05634	blue
K00196	blue
K02956	blue
K00006	blue
K03090	blue
K02532	blue
K10025	blue
K17609	blue
K03438	blue
K07025	blue
K07027	blue
K09599	blue
K03699	blue
K16079	blue
K18959	blue
C20451	blue
K01571	blue
C01725	blue
C00438	blue
K02006	blue
K02005	blue
C05378	blue
K17680	blue
K02914	blue
K03427	blue
K07018	blue
K07506	blue
K21528	blue
C02463	blue
K01696	blue
K01265	blue
K20987	blue
K21397	blue
C15603	blue
C06720	blue
K02876	blue
K05910	blue
K11717	blue
K03170	blue
C02191	blue
C03232	blue
C00096	blue
C05922	blue
K05829	blue
K00033	blue
C21460	blue
G10553	blue
K02517	blue
K00150	blue
K01945	blue
C02987	blue
C00546	blue
K13501	blue
K07712	blue
C21461	blue
K07535	blue
K16692	blue
K03387	blue
K21417	blue
C12356	blue
K02560	blue
K06020	blue
K02468	blue
K06518	blue
K01657	blue
C16482	blue
K03978	blue
K12506	blue
K01452	blue
K16028	blue
K04483	blue
K10705	blue
K03718	blue
K01665	blue
K10804	blue
K00241	blue
C18796	blue
K00046	blue
K06993	blue
K05835	blue
K09651	blue
C06026	blue
C02047	blue
K10956	blue
K02136	blue
C00969	blue
K19796	blue
K13940	blue
K03588	blue
K02622	blue
K16951	blue
C16237	blue
K19428	blue
C00009	blue
C04076	blue
K02194	blue
K02906	blue
C17322	blue
C00882	blue
C18910	blue
C05824	blue
C21300	blue
C14818	blue
C19823	blue
C21568	blue
C00013	blue
K03215	blue
K19013	blue
C06193	blue
C02352	blue
C04631	blue
K18348	blue
K03286	blue
K02497	blue
C15975	blue
C21994	blue
K04618	blue
K06127	blue
K06133	blue
K06400	blue
C00734	blue
K03749	blue
K00615	blue
K03044	blue
K03313	blue
G00074	blue
C03715	blue
K00186	blue
K07028	blue
K02496	blue
K03332	blue
C11736	blue
C21355	blue
K03634	blue
K00134	blue
C00641	blue
K03684	blue
K09760	blue
C04882	blue
K13941	blue
K00645	blue
K14660	blue
K02967	blue
C20357	blue
K07775	blue
K02103	blue
K00912	blue
C17952	blue
C21997	blue
K01624	blue
K19710	blue
K19755	blue
C00248	blue
K00133	blue
K08301	blue
K22491	blue
K18691	blue
C05637	blue
K09884	blue
C19794	blue
K10978	blue
C00052	blue
C00075	blue
K02195	blue
K01186	blue
C11355	blue
K00773	blue
K01868	blue
C16238	blue
C00262	blue
K15268	blue
K15912	blue
C00100	blue
K03785	blue
K03327	blue
K02081	blue
C00261	blue
K14637	blue
K05339	blue
K22227	blue
K06192	blue
K21218	blue
K21947	blue
C00344	blue
K02656	blue
K23980	blue
K05921	blue
K02601	blue
K04095	blue
C04734	blue
K00170	blue
K00339	blue
K01146	blue
K01925	blue
C18059	blue
K06142	blue
K11271	blue
C16612	blue
K11185	blue
K07085	blue
K02964	blue
C11436	blue
K13572	blue
K00944	blue
K01949	blue
K01929	blue
K15778	blue
K11165	blue
C00026	blue
K12988	blue
C15556	blue
K00556	blue
K06885	blue
K10012	blue
K03617	blue
K15739	blue
C06507	blue
C00387	blue
C05893	blue
K03856	blue
K15017	blue
C00088	blue
C00559	blue
K05592	blue
K19416	blue
C05336	blue
K07688	blue
C17561	blue
K00925	blue
C03508	blue
K08307	blue
K15633	blue
C03785	blue
K01489	blue
K00355	blue
K15725	blue
K18533	blue
C17232	blue
C03492	blue
K01761	blue
K03639	blue
C06025	blue
K05853	blue
K21507	blue
C19151	blue
C01031	blue
K00598	blue
K13542	blue
K08234	blue
K15469	blue
C01801	blue
C00323	blue
K21594	blue
K01916	blue
C00679	blue
K08660	blue
K14826	blue
C00044	blue
C16589	blue
K17749	blue
C00512	blue
K19594	blue
K14453	blue
K20543	blue
K00067	blue
K00700	blue
K02994	blue
K03935	blue
K03760	blue
K06287	blue
K06140	blue
K03932	blue
K02952	blue
G11291	blue
K07037	blue
K14388	blue
K06878	blue
C18169	blue
C00385	blue
K02895	blue
K00657	blue
C00334	blue
K10026	blue
K03767	blue
K13313	blue
K02349	blue
K21064	blue
K16091	blue
K03529	blue
K00683	blue
C05546	blue
C16481	blue
K06204	blue
C01645	blue
K05542	blue
K05575	blue
K23842	blue
K00605	blue
C05271	blue
K23186	blue
K18356	blue
K01633	blue
K01770	blue
K06953	blue
K07263	blue
C18030	blue
K21464	blue
K02897	blue
K09944	blue
K17865	blue
C21113	blue
K06175	blue
K03581	blue
K17103	blue
K14162	blue
K01096	blue
K02444	blue
C00402	blue
K07126	blue
K19337	blue
C00154	blue
K01869	blue
K12951	blue
K01322	blue
K16693	blue
C15816	blue
K01740	blue
C04257	blue
C21174	blue
K19659	blue
K20038	blue
K02013	blue
K06879	blue
C16739	blue
C04122	blue
G00001	blue
K01520	blue
C11908	blue
K10219	blue
K18059	blue
K02855	blue
K22538	blue
K08309	blue
K07762	blue
C00993	blue
C00116	blue
K00331	blue
K01711	blue
K01710	blue
C00705	blue
K15049	blue
K05555	blue
K08259	blue
K05961	blue
K03289	blue
C01083	blue
C01888	blue
K01056	blue
K16559	blue
C00448	blue
K22907	blue
C00008	blue
K00118	blue
K02981	blue
C01212	blue
C17213	blue
K01897	blue
K04479	blue
K01588	blue
C00161	blue
K19354	blue
K10678	blue
K20140	blue
K20257	blue
K00266	blue
K03043	blue
K14731	blue
K22547	blue
K14835	blue
C00040	blue
K00568	blue
K16509	blue
C05699	blue
K03574	blue
K21701	blue
K21749	blue
C02872	blue
C00877	blue
K07313	blue
K18912	blue
K18300	blue
K03572	blue
C04188	blue
G00154	blue
C20858	blue
C16219	blue
K00036	blue
C00027	blue
K05984	blue
C00232	blue
K15254	blue
C00286	blue
K03496	blue
C03604	blue
K18336	blue
K05027	blue
K05030	blue
C02984	blue
K07123	blue
C02869	blue
C05848	blue
K16044	blue
K01448	blue
K02483	blue
K03282	blue
C00233	blue
K05589	blue
K14188	blue
K01581	blue
K08675	blue
C00857	blue
C00322	blue
C02637	blue
K08253	blue
K22166	blue
K00947	blue
K03773	blue
K11541	blue
C15813	blue
K16092	blue
C00073	blue
K06941	blue
K02426	blue
K03771	blue
C02336	blue
K22927	blue
C04442	blue
K02899	blue
C00416	blue
K11754	blue
K09022	blue
K14385	blue
K21884	blue
K02879	blue
K05539	blue
K16898	blue
K00979	blue
K00042	blue
K02217	blue
K02867	blue
C05627	blue
K13800	blue
C21748	blue
C05275	blue
C04153	blue
K02237	blue
C21284	blue
K06201	blue
C00360	blue
K12137	blue
K01465	blue
K19421	blue
K19976	blue
K03307	blue
C06103	blue
K01002	blue
C00141	blue
K02438	blue
K13310	blue
K09014	blue
K02377	blue
K03609	blue
K03625	blue
K05366	blue
K13753	blue
C00078	blue
K15913	blue
K10914	blue
C20995	blue
K17420	blue
K20469	blue
C02720	blue
K22982	blue
K19802	blue
C04332	blue
C02985	blue
K02523	blue
K00030	blue
K03823	blue
K14120	blue
K07444	blue
C00127	blue
C04691	blue
K03655	blue
C01267	blue
C20798	blue
C00227	blue
K03040	blue
K12949	blue
C01163	blue
C06006	blue
K03492	blue
K00426	blue
C00417	blue
K08175	blue
K01918	blue
K02621	blue
C00718	blue
C00095	blue
K16881	blue
C00504	blue
C07335	blue
K01513	blue
K01129	blue
K06167	blue
K09924	blue
K03587	blue
K13497	blue
K12297	blue
K00020	blue
K16784	blue
C16633	blue
K18292	blue
C20642	blue
C16630	blue
K00602	blue
K07031	blue
K02946	blue
G10555	blue
K07669	blue
C21485	blue
K02362	blue
C00299	blue
G00108	blue
C21463	blue
C04570	blue
K07638	blue
K09017	blue
K20680	blue
C05223	blue
C04236	blue
K19430	blue
C00406	blue
C05312	blue
C01847	blue
C16631	blue
C22160	blue
K23977	blue
K22278	blue
K03495	blue
K07101	blue
K17290	blue
K20832	blue
K07358	blue
K01557	blue
K03546	blue
K11602	blue
C12622	blue
C00691	blue
K06075	blue
C03221	blue
K01613	blue
K03710	blue
K13664	blue
K02881	blue
K02198	blue
K13415	blue
K19349	blue
C00256	blue
K03665	blue
K00867	blue
K02484	blue
C00319	blue
K22245	blue
C06729	blue
K17837	blue
C00327	blue
C04133	blue
K00057	blue
K01894	blue
K13277	blue
C00005	blue
K01139	blue
C00094	blue
C01242	blue
K08239	blue
K01838	blue
K01819	blue
C22053	blue
C02939	blue
K01089	blue
K15792	blue
G11160	blue
K02441	blue
K06123	blue
K11788	blue
K16787	blue
C05402	blue
K00175	blue
K07010	blue
G13042	blue
C05125	blue
C18353	blue
K01934	blue
K19736	blue
C21995	blue
K21130	blue
C04377	blue
C00411	blue
K10902	blue
K00764	blue
K17686	blue
K02963	blue
K23683	blue
C03393	blue
C00378	blue
K01227	blue
K16553	blue
C00944	blue
K11537	blue
C01528	blue
K06951	blue
K12543	blue
K07141	blue
K07816	blue
K01661	blue
K22158	blue
C15973	blue
C20251	blue
K14163	blue
C03345	blue
C00405	blue
K00375	blue
K01075	blue
K00966	blue
K08966	blue
C20239	blue
K00039	blue
G10619	blue
K00015	blue
K07657	blue
K16438	blue
K03685	blue
K00382	blue
K02970	blue
K06019	blue
C15547	blue
K10807	blue
C05980	blue
K03768	blue
K19158	blue
K07042	blue
C03541	blue
G10665	blue
C03313	blue
C19946	blue
K13283	blue
K23786	blue
K06920	blue
C14145	blue
K02973	blue
K16089	blue
C00940	blue
K01867	blue
C04242	blue
K03531	blue
K13402	blue
K10771	blue
C00536	blue
K18809	blue
C03871	blue
K02077	blue
K12975	blue
C15978	blue
C01118	blue
K09523	blue
K03743	blue
K01008	blue
K02858	blue
K15910	blue
C00097	blue
C03684	blue
K06187	blue
K00099	blue
C00390	blue
K17224	blue
K16694	blue
K00526	blue
K02282	blue
K04764	blue
K05578	blue
K10754	blue
G13107	blue
K00788	blue
C20831	blue
K13566	blue
G13061	blue
K11540	blue
K15915	blue
K14645	blue
K03814	blue
K18983	blue
K07050	blue
K23159	blue
K07029	blue
K20444	blue
C00258	blue
K03796	blue
K15270	blue
K08326	blue
K20333	blue
C02067	blue
C01077	blue
C00239	blue
C00104	blue
K01205	blue
C00025	blue
K02439	blue
K15923	blue
C02659	blue
C00887	blue
K01664	blue
C06041	blue
K01462	blue
K06374	blue
C20838	blue
K07684	blue
K01619	blue
K07014	blue
K19664	blue
K01342	blue
K17810	blue
K00826	blue
C00208	blue
K04020	blue
K02999	blue
K04800	blue
C00156	blue
K19448	blue
K00790	blue
K06173	blue
K02114	blue
C05859	blue
K00340	blue
K03624	blue
C05431	blue
K21562	blue
K13279	blue
C03127	blue
G10920	blue
K14709	blue
C00028	blue
K15327	blue
K23265	blue
K16843	blue
K01938	blue
K14792	blue
C04805	blue
C05199	blue
K16904	blue
